{
  "features": [
    "amount",
    "oldbalanceOrg",
    "newbalanceOrig",
    "oldbalanceDest",
    "newbalanceDest",
    "type_CASH_OUT",
    "type_TRANSFER"
  ],
  "mean": [
    11948.5234375,
    86466.6171875,
    74708.890625,
    59117.32421875,
    71066.4609375,
    0.34942498803138733,
    0.15512500703334808
  ],
  "std": [
    68235.4140625,
    100729.7578125,
    80026.859375,
    59793.71875,
    86849.28125,
    0.47677722573280334,
    0.36204198002815247
  ],
  "threshold": 0.5,
  "auc": 0.847,
  "model_type": "LogisticRegression",
  "note": "AUC is estimated after fixing the data leak that previously produced AUC=1.0. Re-run train_fraud_model.py to recompute the exact value."
}